Alchemica Type,Remaining Amount
FUD,1352020765.203348875045776
FOMO,624930989.501982092857361
ALPHA,335351772.943174242973328
KEK,146872967.290658146142960